1257c31373f608f9a00edc730cfe93f1f641729e,DELETE,regular-file,app/static/dist/img/about/mya-300.png,25190,
5c20e5642c8b7169935813bb7315aaad7626d8a2,DELETE,regular-file,app/static/dist/img/about/mya-600.png,96164,
839621caf50895e9a177137f512050cd3a264dfa,DELETE,regular-file,app/static/dist/img/about/mya-900.png,211350,
2f6f86276860a48bb964c9cc9e7efa3e4ef5b700,DELETE,regular-file,app/static/dist/img/about/mya.png,4284768,
c065da718dba205dc753ce778bb7797e158b64c1,DELETE,regular-file,app/static/dist/img/amenities/mya_restaurant-300.png,11270,
c2dd78d7fdc6782166e23d867c4b9a7f849b429a,DELETE,regular-file,app/static/dist/img/amenities/mya_restaurant-600.png,32778,
952ac09000c8a2dfc859331f9f147e9e9b13817e,DELETE,regular-file,app/static/dist/img/amenities/mya_restaurant-900.png,59456,
d5ba57d5e4fc8a38eb9cb528514b1cc52312a726,DELETE,regular-file,app/static/dist/img/amenities/mya_restaurant.png,410326,
324800ec07ada7495c95123cb92d03a65407c28c,DELETE,regular-file,app/static/dist/img/amenities/mya_spa-300.png,9124,
a7f50af5f58dc41e9e096b6850e077cfa74c45d1,DELETE,regular-file,app/static/dist/img/amenities/mya_spa-600.png,27478,
95b7f53a4e8989b033d80910d3ee16299c94cfb9,DELETE,regular-file,app/static/dist/img/amenities/mya_spa-900.png,50440,
8e568df736e7ae38147835b61b5a07e8680a6ae6,DELETE,regular-file,app/static/dist/img/amenities/mya_spa.png,444700,
3d72a7c8c818df6b05a512fa9156a21239b8ac33,DELETE,executable,app/static/dist/img/favicons/favicon-2-300.png,2680,
3d72a7c8c818df6b05a512fa9156a21239b8ac33,DELETE,executable,app/static/dist/img/favicons/favicon-2-600.png,2680,
3d72a7c8c818df6b05a512fa9156a21239b8ac33,DELETE,executable,app/static/dist/img/favicons/favicon-2-900.png,2680,
f60f8b7811b57d8d7f367c33fafd97de2506cbf8,DELETE,executable,app/static/dist/img/favicons/favicon-2.png,5234,
83af7836a2adf57afb44dd8fd8e06562dcdabf2f,DELETE,executable,app/static/dist/img/favicons/favicon-3-300.png,3884,
83af7836a2adf57afb44dd8fd8e06562dcdabf2f,DELETE,executable,app/static/dist/img/favicons/favicon-3-600.png,3884,
83af7836a2adf57afb44dd8fd8e06562dcdabf2f,DELETE,executable,app/static/dist/img/favicons/favicon-3-900.png,3884,
2444118cd1468dbc2ca7ec956beae817878a5e39,DELETE,executable,app/static/dist/img/favicons/favicon-3.png,7676,
3d879d876486b56136164a9060764d347dfe41ea,DELETE,executable,app/static/dist/img/favicons/favicon-300.png,4058,
3d879d876486b56136164a9060764d347dfe41ea,DELETE,executable,app/static/dist/img/favicons/favicon-600.png,4058,
3d879d876486b56136164a9060764d347dfe41ea,DELETE,executable,app/static/dist/img/favicons/favicon-900.png,4058,
1bc34945c6958b9a6dc1789cb5ddc23664b68e2c,DELETE,executable,app/static/dist/img/favicons/favicon.png,8208,
62d62df81f2c61b9e13566514fcdb6baa1a554b7,DELETE,regular-file,app/static/dist/img/hero/divino-hero-600.png,42374,
aed81c4a6188ca49466f51e3082709f4eb5995bf,DELETE,regular-file,app/static/dist/img/hero/divino-hero-900.png,83596,
a68ba613e99580760c1ead17cbc591f8a3ff019a,DELETE,regular-file,app/static/dist/img/hero/divino-hero.png,1092184,
bc1b01d6950751fe4412bd36471c308b8750b210,DELETE,regular-file,app/static/dist/img/hero/testsky-600.png,28458,
3d8d0607625b7750feba0a4dddb13ad99a6cc2f7,DELETE,regular-file,app/static/dist/img/hero/testsky-900.png,53076,
0f5bf5bc904cc165f9db0a3787e2467513af2a34,DELETE,regular-file,app/static/dist/img/hero/testsky.png,16563324,
bdc4804af742ad252cb25d88c4464177a2f99eab,DELETE,executable,app/static/dist/img/logo/facebook-300.png,5624,
b9029628bce9bf4cfbfa43d180fce7bcae38797d,DELETE,executable,app/static/dist/img/logo/facebook-600.png,11628,
0b2fb284fef47b27f88ce9aad35038568668b497,DELETE,executable,app/static/dist/img/logo/facebook-900.png,18498,
9aa694db2ece30d842b3f43f8d14f2121e420317,DELETE,executable,app/static/dist/img/logo/facebook.png,50604,
28bebfdfb6b50b0962dcde42ccf6cf34aeb8ecaf,DELETE,executable,app/static/dist/img/logo/instagram-300.png,9648,
b99f223a6836bf0a345df8334a1b182d9efb782a,DELETE,executable,app/static/dist/img/logo/instagram-600.png,20352,
b2ac8a3d0c39f8327a5e0325988246215bdc7ebf,DELETE,executable,app/static/dist/img/logo/instagram-900.png,32500,
480fe1785fc7d7b18c5809f44c10e4d541718460,DELETE,executable,app/static/dist/img/logo/instagram.png,102880,
1d7712db8e37d834be7b96aa009070ebffdc8d27,DELETE,executable,app/static/dist/img/logo/linkedin-300.png,5166,
a8ca118d07910a74f2c042c3d76e2d12d10938dd,DELETE,executable,app/static/dist/img/logo/linkedin-600.png,10790,
85d48792ae97630f31a27d272ddf338f201f4207,DELETE,executable,app/static/dist/img/logo/linkedin-900.png,16844,
35560d8897fe08f3241c6bfaa6a4d4e9830a7d43,DELETE,executable,app/static/dist/img/logo/linkedin.png,59808,
346d9417b99296aeecb79285e3f758cad6a1af1b,DELETE,executable,app/static/dist/img/logo/pinterest-300.png,5854,
bf7610c632982150c68c5d501fce7730d3f04629,DELETE,executable,app/static/dist/img/logo/pinterest-600.png,9426,
bf7610c632982150c68c5d501fce7730d3f04629,DELETE,executable,app/static/dist/img/logo/pinterest-900.png,9426,
206e466e709a5229718580ce9d3ad8b3bd9d0e4e,DELETE,executable,app/static/dist/img/logo/pinterest.png,18164,
34a1c0a2d79dc54de1350b8f620f78533efeb0e8,DELETE,executable,app/static/dist/img/logo/spotify-300.png,8226,
a4848eb44d327ae7214dc06caa4bcbc0713e450e,DELETE,executable,app/static/dist/img/logo/spotify-600.png,17690,
52aa585bfe40ea53c5a533223b4cdcf0eac25542,DELETE,executable,app/static/dist/img/logo/spotify-900.png,29088,
78d4ee076764e7e24e745aab9d04bec573fa325f,DELETE,executable,app/static/dist/img/logo/spotify.png,39502,
215f372eb4e7c75c597cbe83259b2e421cf5e564,DELETE,executable,app/static/dist/img/logo/tiktok-300.png,5132,
a3788960fd5645006255e60944d3689ea56cea5f,DELETE,executable,app/static/dist/img/logo/tiktok-600.png,11184,
463867b535f6b7a117e2948afd5025a873cebf7c,DELETE,executable,app/static/dist/img/logo/tiktok-900.png,10024,
ca67dbc8c3e37e040b0e23b83ded13e8b7a6a1dd,DELETE,executable,app/static/dist/img/logo/tiktok.png,19016,
a111ac29caca8f4d59f22edbe0d37d73c0782232,DELETE,executable,app/static/dist/img/logo/twitter-300.png,5064,
b445a6e42b70e18135aa40d2ad4f78425c97a47c,DELETE,executable,app/static/dist/img/logo/twitter-600.png,8112,
b445a6e42b70e18135aa40d2ad4f78425c97a47c,DELETE,executable,app/static/dist/img/logo/twitter-900.png,8112,
5e4b94da924c90f786fc5773cbcff24a1c10871e,DELETE,executable,app/static/dist/img/logo/twitter.png,12538,
a79bb90347bc43b76ae1b77cd09e00eb912fd363,DELETE,executable,app/static/dist/img/logo/whatsapp-300.png,5916,
b642c72e6b2f4226f0784a2a8eda0cbecf65c64c,DELETE,executable,app/static/dist/img/logo/whatsapp-600.png,9214,
b642c72e6b2f4226f0784a2a8eda0cbecf65c64c,DELETE,executable,app/static/dist/img/logo/whatsapp-900.png,9214,
c40a63d5dd89bd37dfe941c47217458432264c87,DELETE,executable,app/static/dist/img/logo/whatsapp.png,20612,
f99786e9d3e2b7341b00dade08d61099e66fb5ec,DELETE,executable,app/static/dist/img/logo/youtube-300.png,5646,
ac3abf5dbc421d86686191f2021ae7b7e8f5f08d,DELETE,executable,app/static/dist/img/logo/youtube-600.png,12144,
eaa5d7cb515671b779900341df76a5f30142fc06,DELETE,executable,app/static/dist/img/logo/youtube-900.png,18860,
edadda7f0478bd697967ba5937d425ea556d94c4,DELETE,executable,app/static/dist/img/logo/youtube.png,65240,
1fdc0ab407b722dfe267324240c998997a8dd59b,DELETE,regular-file,app/static/dist/img/room/OLIVEA-23-300.png,7248,
bd0a99d35f5f18317791f20459bf51273b7ef2e3,DELETE,regular-file,app/static/dist/img/room/OLIVEA-23-600.png,17514,
02fca0c22678044df268ddede55155d5f1b8ebf5,DELETE,regular-file,app/static/dist/img/room/OLIVEA-23-900.png,29140,
b4da7a9083a34395dd9eb0643b4f30baefd54cbf,DELETE,regular-file,app/static/dist/img/room/OLIVEA-23.png,231872,
6ea56ccca27fe05a5375ca2b3461a4e66942817a,DELETE,regular-file,app/static/dist/img/room/OLIVEA-6-300.png,10844,
463b3135a520703c42b8351268cd8b8b8b0761ed,DELETE,regular-file,app/static/dist/img/room/OLIVEA-6-600.png,27664,
03670730f57e25715e3355d5c3858e5a718166d8,DELETE,regular-file,app/static/dist/img/room/OLIVEA-6-900.png,45922,
ba82b47b0eee11cd96653d069fec8af5638ab2c4,DELETE,regular-file,app/static/dist/img/room/OLIVEA-6.png,288742,
bcb29479e44903662cea4264ea27c8845c580ca4,DELETE,regular-file,app/static/dist/img/room/WINE-300.png,7928,
ff31243b98e3ed7a73b437fd929192139d11a83d,DELETE,regular-file,app/static/dist/img/room/WINE-600.png,22368,
c3dac79e135c01df69b77e8394cc917da82645a6,DELETE,regular-file,app/static/dist/img/room/WINE-900.png,41156,
19236e79359e960f968aa109660b280d1ef6e429,DELETE,regular-file,app/static/dist/img/room/WINE.png,338850,
d938f7012325383a6df06cee0a405725f4418eee,DELETE,regular-file,app/static/dist/img/room/liquor-300.png,9952,
a49c1df00c749f5e6b5929b41cca78be464eedc7,DELETE,regular-file,app/static/dist/img/room/liquor-600.png,24866,
5c9dfaad5311d3759d0973a0c90f7f1e4363b922,DELETE,regular-file,app/static/dist/img/room/liquor-900.png,42428,
70d740ac0b13e05c02f4d4a2050d61fda3e7f215,DELETE,regular-file,app/static/dist/img/room/liquor.png,329684,
2a7c2a9736b0253c8a65556672712d33c2a557ac,DELETE,regular-file,app/static/dist/img/services/OLIVEA-24-300.png,5852,
40e1634e6ad02b7912f77f82dedd6d5c7f09ea56,DELETE,regular-file,app/static/dist/img/services/OLIVEA-24-600.png,13776,
84aa8da54266737aa1550dccdae88b2aed089471,DELETE,regular-file,app/static/dist/img/services/OLIVEA-24-900.png,23556,
c832f43d71e8898a4de0b02f1709cd3ef0983c1d,DELETE,regular-file,app/static/dist/img/services/OLIVEA-24.png,206644,
b9407ced3643708f3389e317f4fecd0fcbcc147d,DELETE,regular-file,app/static/dist/img/services/OLIVEA_2-300.png,22254,
da2f97446fdd602a4639fb921072d2e4788888ca,DELETE,regular-file,app/static/dist/img/services/OLIVEA_2-600.png,77958,
5d9b49e0d56ec735c2dccf6c00985908a4ad72e5,DELETE,regular-file,app/static/dist/img/services/OLIVEA_2-900.png,162002,
124d48626e3b30e2244e4ed7d09630df85858113,DELETE,regular-file,app/static/dist/img/services/OLIVEA_2.png,757938,
01c095f4141a005f49f07fbd7361dce3813af41b,DELETE,regular-file,app/static/dist/img/services/OLIVEA_3-300.png,13858,
56fe6060b0177348f104c476da6405687cf78566,DELETE,regular-file,app/static/dist/img/services/OLIVEA_3-600.png,37620,
b72f7944c5e41485d04c9c28eb86fdcfcaf846d5,DELETE,regular-file,app/static/dist/img/services/OLIVEA_3-900.png,65950,
bc9fe2035aba0c1c7881c1017f6c94f04daabd0c,DELETE,regular-file,app/static/dist/img/services/OLIVEA_3.png,400638,
586ad4fefe990a02384fe25642c346ca81bfe128,DELETE,regular-file,app/static/dist/img/services/OLIVEA_4-300.png,7924,
3707edf6e4fdc6f9d5248795a42212d155402864,DELETE,regular-file,app/static/dist/img/services/OLIVEA_4-600.png,21486,
78f423be2a27aaa47cbed1e25e9c6d57245f9a70,DELETE,regular-file,app/static/dist/img/services/OLIVEA_4-900.png,38996,
979a04c810938227eefde954395083fb1ad12cac,DELETE,regular-file,app/static/dist/img/services/OLIVEA_4.png,297128,
997c6e1d5a72889eb26c525761bd98ddd0c4df29,DELETE,regular-file,app/static/dist/img/services/OLIVEA_m-300.png,2896,
caeeb3fdbd3f04eb56fb6846f1a45b1f9fd1467f,DELETE,regular-file,app/static/dist/img/services/OLIVEA_m-600.png,5202,
8f2bb5fdd736ecef25a32e073cd885d2acccbf60,DELETE,regular-file,app/static/dist/img/services/OLIVEA_m-900.png,7582,
2f38524c6b1d9ab7fb41b78e52d11a5f2054978e,DELETE,regular-file,app/static/dist/img/services/OLIVEA_m.png,20792,
5f4ec5d32ca1aef1256760e1b50041a1ad6c212a,DELETE,regular-file,app/static/dist/img/services/mya_pool-300.png,15376,
0d2552d124fc40010e4a1c115045da3f07203916,DELETE,regular-file,app/static/dist/img/services/mya_pool-600.png,60500,
551d2cb31dc47e4ec11dd4475d8427452f4db6b1,DELETE,regular-file,app/static/dist/img/services/mya_pool-900.png,136844,
e2b7886eec6ac2d828327eaaa7bda6cf24185c55,DELETE,regular-file,app/static/dist/img/services/mya_pool.png,1411226,
55857080932e53e5cba8cc149151a9e2f7be9be7,DELETE,regular-file,app/static/dist/img/services/mya_spa-300.png,6714,
eabc347051aa1a77dc3b5b08cdc90a5aab451e8b,DELETE,regular-file,app/static/dist/img/services/mya_spa-600.png,18602,
99551078e8b62a86d86d5652b001834dc85a5ba4,DELETE,regular-file,app/static/dist/img/services/mya_spa-900.png,33870,
a58538eacf9bc5485ebaeee1405f8136923fab51,DELETE,regular-file,app/static/dist/img/services/mya_spa.png,539956,
8a4240ecfa232b76994e617448135921d3ea8ec4,DELETE,regular-file,app/static/src/img/about/mya.png,20114045,
ce36bbcf9be73a2df0616959a987bda064c17a73,DELETE,regular-file,app/static/src/img/amenities/mya_restaurant.png,2160818,
1b6ae2fb937c115dbae4a1c6d2e980f553b9c118,DELETE,regular-file,app/static/src/img/amenities/mya_spa.png,2465787,
c6982762e8cf3bd8808db152f47c1cb64451fa2d,DELETE,executable,app/static/src/img/favicons/favicon-2.png,6002,
7d1125e9a6eeb3e0aa248880af0dd979f21adc3b,DELETE,executable,app/static/src/img/favicons/favicon-3.png,11666,
f4edc2a1bc0880511baff6790a2ee1e3088df0a6,DELETE,executable,app/static/src/img/favicons/favicon.png,8643,
85fa36f7f604aef63d6bd7ef302d6c5dc7fe2193,DELETE,regular-file,app/static/src/img/hero/divino-hero.png,4481440,
b080d49fa9b56bd22d3658486296a4b00ecab2aa,DELETE,regular-file,app/static/src/img/hero/testsky.png,62902356,
03056266f8bb9d259bddcda6ad4fe5bf7aaf6316,DELETE,executable,app/static/src/img/logo/facebook.png,54771,
924e1b582a150266dcb9f87f85fb920cf61ebaa7,DELETE,executable,app/static/src/img/logo/instagram.png,249057,
f1a8753483e7d2e78976b7dad0736123cc564777,DELETE,executable,app/static/src/img/logo/linkedin.png,76876,
eba7dde4a7958896400567b3d8eb5afcac4cf55c,DELETE,executable,app/static/src/img/logo/pinterest.png,18609,
025de64de36da9ed44e3c72f8f38bbfc0249f2a5,DELETE,executable,app/static/src/img/logo/spotify.png,49719,
a149ebada56a7fff040433e7612048e4ded42383,DELETE,executable,app/static/src/img/logo/tiktok.png,34028,
21ba26e5e9e544ba2eeebd6a157b85e80ae03a4e,DELETE,executable,app/static/src/img/logo/twitter.png,23628,
fe5ca90cebcf10bdccb06835dfe41b39c3baebe5,DELETE,executable,app/static/src/img/logo/whatsapp.png,26442,
f8163fc8aa275ad74efea508746e154ad6d3940b,DELETE,executable,app/static/src/img/logo/youtube.png,71831,
05f56491efdf1434619a811b5a18a7379ae2d28e,DELETE,regular-file,app/static/src/img/room/OLIVEA-23.png,1228293,
518b229c9a8711051c7e381b7ebce2e99a3a5959,DELETE,regular-file,app/static/src/img/room/OLIVEA-6.png,1396951,
345bbdbbe8efb491ba0899e2a3ae4989d42c2e64,DELETE,regular-file,app/static/src/img/room/WINE.png,1506702,
5ee6dc1a1955363e852ecbb8473f532ec4b03517,DELETE,regular-file,app/static/src/img/room/liquor.png,1495837,
6fbdc070e76cbd9f87bed49e475382e6c251c657,DELETE,regular-file,app/static/src/img/services/OLIVEA-24.png,1213974,
cbe548518d05292dbd3bf9f9d700fa6a31ca610e,DELETE,regular-file,app/static/src/img/services/OLIVEA_2.png,2778694,
24c4b1da9ec14652daa9d52d8e4f9d8020a8813e,DELETE,regular-file,app/static/src/img/services/OLIVEA_3.png,1784053,
992794f36db41dc1cfc14ad52bdb044670927187,DELETE,regular-file,app/static/src/img/services/OLIVEA_4.png,1478034,
7088acf93b967dc8d4c14691ed906922150590e8,DELETE,regular-file,app/static/src/img/services/OLIVEA_m.png,44465,
186fc21f0d9fbb1486fc5074c8b699e1d7f03ded,DELETE,regular-file,app/static/src/img/services/mya_pool.png,5089356,
79665e72857faf10575f7e413e660b41cbdc23b2,DELETE,regular-file,app/static/src/img/services/mya_spa.png,2944156,
c28dd63812d80e416682f835652f8e5824bdccb2,DELETE,regular-file,venv/lib/python3.9/site-packages/werkzeug/debug/shared/console.png,507,
5efefd62b43e4f11dd300be4355a4b413c7a70d2,DELETE,regular-file,venv/lib/python3.9/site-packages/werkzeug/debug/shared/less.png,191,
804fa226fe3ed9e6cc2bd044a848f33a2d7b4e4f,DELETE,regular-file,venv/lib/python3.9/site-packages/werkzeug/debug/shared/more.png,200,
