5afe50b1384b287fbd8e7239d6bebc98268d3546,DELETE,regular-file,app/static/dist/img/about/12_mya-300.jpg,9284,
a79f5985f0ac3b7882b4ab1523386318f31ac59b,DELETE,regular-file,app/static/dist/img/about/12_mya-600.jpg,29892,
23d97de948c71337b17976fdd5d91980c49ba148,DELETE,regular-file,app/static/dist/img/about/12_mya-900.jpg,61848,
7ca13fc4767ae80e24f50df1d889b44fdda79fa9,DELETE,regular-file,app/static/dist/img/about/12_mya.jpg,1257012,
9c13001c7e9f3a16b631b6fa8dcb3538b1013238,DELETE,regular-file,app/static/dist/img/about/12_olivea-300.jpg,11680,
5f2c6ce00dcd6c2bb082e3659a4eb7b72a2c9588,DELETE,regular-file,app/static/dist/img/about/12_olivea-600.jpg,34546,
da382bb80e2d929cc98ad8d00ed9fee8aeb0db26,DELETE,regular-file,app/static/dist/img/about/12_olivea-900.jpg,68164,
d4e0a682cc5f4ee3eed80d829e04405733fae417,DELETE,regular-file,app/static/dist/img/about/12_olivea.jpg,3929724,
1707cc256d4bf851ddbd0a6854d2c5f351cd1738,DELETE,regular-file,app/static/dist/img/about/15_mya-300.jpg,16244,
35145ff758668a49677b2993c8f00bd2661c25e6,DELETE,regular-file,app/static/dist/img/about/15_mya-600.jpg,61292,
49dc8d857c0d147945f60ffd8efd649c47ed5765,DELETE,regular-file,app/static/dist/img/about/15_mya-900.jpg,134672,
c0a00980efab36bdbf8f9f23011b79b538b8fbef,DELETE,regular-file,app/static/dist/img/about/15_mya.jpg,2291430,
d838f258e95bbc2f68c40f7f53887086c4bf25c8,DELETE,regular-file,app/static/dist/img/about/1_olivea-300.jpg,13144,
a9cb61f08ec1390d6b2799dfa5e705f44444ce25,DELETE,regular-file,app/static/dist/img/about/1_olivea-600.jpg,37638,
a35ddfab1da49ce1feedc2a0bb514650234e6171,DELETE,regular-file,app/static/dist/img/about/1_olivea-900.jpg,69240,
b4f3e3e62464e985718abbef90cdc3a75124714b,DELETE,regular-file,app/static/dist/img/about/1_olivea.jpg,1754454,
badc5e99ce54d50097b18490da5c8d2d35e333e0,DELETE,regular-file,app/static/dist/img/about/3_olivea-300.jpg,21008,
ca2da5bdfe30cdfe54f9eeb542c1a707f211dcd3,DELETE,regular-file,app/static/dist/img/about/3_olivea-600.jpg,85180,
6628e4f91ab3d0fe437de5792e481aa064aa6575,DELETE,regular-file,app/static/dist/img/about/3_olivea-900.jpg,190556,
a84485cafa7f647a0a251df5d4b18ad797e5090c,DELETE,regular-file,app/static/dist/img/about/3_olivea.jpg,5075892,
052e3e701cd27bbca8a3f25183416fd29714d240,DELETE,regular-file,app/static/dist/img/about/4_mya-300.jpg,11194,
da426bf2de95864aedb003774d5c0830b2353d82,DELETE,regular-file,app/static/dist/img/about/4_mya-600.jpg,37326,
f50d10307dc690eae6caae15e85c1b3d6e8ccdd6,DELETE,regular-file,app/static/dist/img/about/4_mya-900.jpg,79440,
7d79cc720ef738a89d97890a22b2d62c05c4a0ee,DELETE,regular-file,app/static/dist/img/about/4_mya.jpg,1749188,
667b6c05603ce56db52a38366e9a25cc6d84b086,DELETE,regular-file,app/static/dist/img/about/4_olivea-300.jpg,11426,
c234640b0ab60496da9c7ff1a4b8b4479e27855e,DELETE,regular-file,app/static/dist/img/about/4_olivea-600.jpg,27904,
9c0eb78b44bbedc9775b5c2c158a4fb5416c8326,DELETE,regular-file,app/static/dist/img/about/4_olivea-900.jpg,48836,
4300ca0a337aad1a6ba35fb1af39b923cb3357ea,DELETE,regular-file,app/static/dist/img/about/4_olivea.jpg,1376450,
9a9f7ff0406c692168c9bfe30b6f8c2e217d1bb4,DELETE,regular-file,app/static/dist/img/about/6_mya-300.jpg,17270,
c0c2cde0903feec56c3c988749b7317d0061714b,DELETE,regular-file,app/static/dist/img/about/6_mya-600.jpg,69340,
868a42dd2b5604825b8e9cd166925d022e40f01b,DELETE,regular-file,app/static/dist/img/about/6_mya-900.jpg,158942,
73e95ec979690172155628591d8efeb890aa546c,DELETE,regular-file,app/static/dist/img/about/6_mya.jpg,2540468,
97957f3a2c73c62142c8eb68891f76481ceb0ae2,DELETE,regular-file,app/static/dist/img/about/8_olivea-300.jpg,12636,
8e15fad59a70443cc6ffe114da98b825e238455a,DELETE,regular-file,app/static/dist/img/about/8_olivea-600.jpg,42790,
6b52b6bccfeb8237833a96dc7e0339c6e55993df,DELETE,regular-file,app/static/dist/img/about/8_olivea-900.jpg,86986,
b19a976ca444aa8ed933686e29b15b17aa48ad93,DELETE,regular-file,app/static/dist/img/about/8_olivea.jpg,3902414,
84accd701b9aafa40636b0b4f5bf6c6653be4e15,DELETE,regular-file,app/static/dist/img/about/9_mya-300.jpg,8052,
0ae650a0f524fe8d1b28dcad25d5160411933863,DELETE,regular-file,app/static/dist/img/about/9_mya-600.jpg,27472,
39eeec00d51f178c2a28ef12a3e25bbc2d9f53e0,DELETE,regular-file,app/static/dist/img/about/9_mya-900.jpg,60480,
90737ec8eb1b1a0e0eee3085c13064b78dd3498f,DELETE,regular-file,app/static/dist/img/about/9_mya.jpg,1148720,
b44cc0fde934790184202030a9803cac3964270a,DELETE,regular-file,app/static/dist/img/about/9_olivea-300.jpg,9678,
bbb6d3cbe8acdd7a0a671ca6b943e2257e685c5e,DELETE,regular-file,app/static/dist/img/about/9_olivea-600.jpg,33890,
ccdd3573fbb26e77354b532c3648583c75ce7b33,DELETE,regular-file,app/static/dist/img/about/9_olivea-900.jpg,66964,
cf6ba93642b20a0961ef40d4ca5b5249a20960c1,DELETE,regular-file,app/static/dist/img/about/9_olivea.jpg,2186544,
083e3206474a218dc244caf9c414090b9dc80b29,DELETE,regular-file,app/static/dist/img/amenities/mya_padel-300.jpg,25834,
863b7f048bc21755ae5745867d0234026a303415,DELETE,regular-file,app/static/dist/img/amenities/mya_padel-600.jpg,96530,
e092dcd04c6d7507647df98a62eba1d935a6f917,DELETE,regular-file,app/static/dist/img/amenities/mya_padel-900.jpg,201440,
c9d634fa12eb3f04eb76c4880ff792ad1b0fea31,DELETE,regular-file,app/static/dist/img/amenities/mya_padel.jpg,3135916,
0d332cff7a4825e264e3fa7dd02e18713ca80bcd,DELETE,regular-file,app/static/dist/img/amenities/mya_pool-300.jpg,12490,
eb5e6f833bd6f77f3cd9ddd8c9fd7d6590ce5d92,DELETE,regular-file,app/static/dist/img/amenities/mya_pool-600.jpg,51116,
06faf1985d896a7648edee1a1a38db8ea3b908ae,DELETE,regular-file,app/static/dist/img/amenities/mya_pool-900.jpg,124094,
a4c16b79ca5e600cd4e5d7ca72fc61dcc420bbd6,DELETE,regular-file,app/static/dist/img/amenities/mya_pool.jpg,1445716,
fa493ce98808ffbfb83ec9862c6760fbb0b20115,DELETE,regular-file,app/static/dist/img/gallery-2/Farm_Olivea-300.jpg,5344,
361aeb61a1035f514b8db136679a6821d84d2da7,DELETE,regular-file,app/static/dist/img/gallery-2/Farm_Olivea-600.jpg,12992,
82166d2d78a791e201c4aad461dd93c0b491f039,DELETE,regular-file,app/static/dist/img/gallery-2/Farm_Olivea-900.jpg,23014,
d56652fb8442f4d9ff850709e23548d190e9fab7,DELETE,regular-file,app/static/dist/img/gallery-2/Farm_Olivea.jpg,884914,
958a6db891a017b4ad7450473ba9bc910a4eb0ee,DELETE,regular-file,app/static/dist/img/gallery-2/Farm_Olivea_019-300.jpg,11156,
cc8127bbd46651d376806b743f11a1948603daf9,DELETE,regular-file,app/static/dist/img/gallery-2/Farm_Olivea_019-600.jpg,35656,
2e38bc8f302b97406fed00f6d3acca4533586c23,DELETE,regular-file,app/static/dist/img/gallery-2/Farm_Olivea_019-900.jpg,69348,
4e4c212c22c44662e7bf3cfa4dc69786df593ad2,DELETE,regular-file,app/static/dist/img/gallery-2/Farm_Olivea_019.jpg,2001378,
49d2022a3438dc788ad161c0d37150a973f8c303,DELETE,regular-file,app/static/dist/img/gallery-2/Farm_Olivea_066-300.jpg,14708,
f320665b17bfb59b2d02bfe1b7663e294789a5db,DELETE,regular-file,app/static/dist/img/gallery-2/Farm_Olivea_066-600.jpg,39716,
997a0bc93418fcff263cb5c40a62e443a26bdbbc,DELETE,regular-file,app/static/dist/img/gallery-2/Farm_Olivea_066-900.jpg,68112,
48e87b53e66506d168b30f5893ff7a6f2f5f373b,DELETE,regular-file,app/static/dist/img/gallery-2/Farm_Olivea_066.jpg,2287792,
1e0d929a79e0dd4391518ba97ea9f47834a3cd16,DELETE,regular-file,app/static/dist/img/gallery-2/Farm_Olivea_090-300.jpg,13270,
d81c6c2c0857d5f39faa177f8b755bc17049b6fd,DELETE,regular-file,app/static/dist/img/gallery-2/Farm_Olivea_090-600.jpg,50006,
8815ea0c4c5cb14003e0f929c7358144c4f7609c,DELETE,regular-file,app/static/dist/img/gallery-2/Farm_Olivea_090-900.jpg,108506,
95a846c005a03d7f5fec907fa80721f7fbe7a131,DELETE,regular-file,app/static/dist/img/gallery-2/Farm_Olivea_090.jpg,3518530,
ab078534068be53ba6713061b64583f072a30cdb,DELETE,regular-file,app/static/dist/img/gallery-2/OliveaMayo_043-300.jpg,12736,
57006fa10ab9bfac987ca99c304606ea87b89d8f,DELETE,regular-file,app/static/dist/img/gallery-2/OliveaMayo_043-600.jpg,34964,
0cc77f885b5f37ae7fc48768e8b76f11dd95cf98,DELETE,regular-file,app/static/dist/img/gallery-2/OliveaMayo_043-900.jpg,60160,
2d29f0ae8e19207e68c6b4b1d0eb1e6dff7294f6,DELETE,regular-file,app/static/dist/img/gallery-2/OliveaMayo_043.jpg,2326208,
4f430c5b48d49d1102c391ea70cca90105b63152,DELETE,regular-file,app/static/dist/img/gallery-2/OliveaMayo_123-300.jpg,6612,
e298d4893904f1b2443777d7f23b27585c12be69,DELETE,regular-file,app/static/dist/img/gallery-2/OliveaMayo_123-600.jpg,15224,
738262f0488fefa90f59007256f20deaee36c7d2,DELETE,regular-file,app/static/dist/img/gallery-2/OliveaMayo_123-900.jpg,24792,
11c3775c53dce0f49cff49c58dd42d14394a9e83,DELETE,regular-file,app/static/dist/img/gallery-2/OliveaMayo_123.jpg,1083956,
ce716f176bab0b69a36227bb4da7ed6727c1f98a,DELETE,regular-file,app/static/dist/img/gallery/1_amenities-300.jpg,13082,
b20fe649907901226bde588b63730376f706a67a,DELETE,regular-file,app/static/dist/img/gallery/1_amenities-600.jpg,41206,
f5255d23811a0b1b26d8c6cd2a9fac8373cdf0b6,DELETE,regular-file,app/static/dist/img/gallery/1_amenities-900.jpg,81308,
2d247080d3af99215055e57f0d1bc95fb55c0435,DELETE,regular-file,app/static/dist/img/gallery/1_amenities.jpg,978130,
7559c85217f9f658c4be973d44a55e5078711874,DELETE,regular-file,app/static/dist/img/gallery/1_food-300.jpg,13180,
daefef13b1a9695f3c2d7270f3c162f3920697d6,DELETE,regular-file,app/static/dist/img/gallery/1_food-600.jpg,45438,
d50c86c545d934f1689df7ab85664da8c3d5f986,DELETE,regular-file,app/static/dist/img/gallery/1_food-900.jpg,98950,
54dcb526114261d77e40d0e5745a481d925eb57f,DELETE,regular-file,app/static/dist/img/gallery/1_food.jpg,1232990,
5a2d2e42bb9dd9beba8a7ad59e6161da62473e8d,DELETE,regular-file,app/static/dist/img/gallery/1_garden-300.jpg,13064,
b9127ead3f27565c93329363453fae91969ab471,DELETE,regular-file,app/static/dist/img/gallery/1_garden-600.jpg,49816,
4daa092676963f481632477a06a3248220b5a449,DELETE,regular-file,app/static/dist/img/gallery/1_garden-900.jpg,108210,
027427c1eefada1883955fed2eba801b7c4f3d03,DELETE,regular-file,app/static/dist/img/gallery/1_garden.jpg,1340328,
96d5149a8c19c5251f8588a08e3867a2065dedea,DELETE,regular-file,app/static/dist/img/gallery/1_kitchen-300.jpg,11412,
9909f8848d39273bf169f8446132190b50daabe1,DELETE,regular-file,app/static/dist/img/gallery/1_kitchen-600.jpg,28528,
8cddbed33acf751892538c731271fe4e19f3b89f,DELETE,regular-file,app/static/dist/img/gallery/1_kitchen-900.jpg,48672,
ac30b810265cb225d7b812f19b8a65b7d5a9ffed,DELETE,regular-file,app/static/dist/img/gallery/1_kitchen.jpg,592238,
21718bb96a6eb7b1a3bdbeafaaf02fe1db7bf176,DELETE,regular-file,app/static/dist/img/gallery/1_myagardens-300.jpg,8068,
241f5bcc429b3083dd58fd26df36defee46a25d2,DELETE,regular-file,app/static/dist/img/gallery/1_myagardens-600.jpg,26456,
8aa987548db891fd9811301ea4eda2be5011763b,DELETE,regular-file,app/static/dist/img/gallery/1_myagardens-900.jpg,52896,
36a0f2a843f98f398a2df12fd7fe40c1cfe29de1,DELETE,regular-file,app/static/dist/img/gallery/1_myagardens.jpg,787744,
52a0f1adc09ceeb45a2b907c48dd126d688afd6b,DELETE,regular-file,app/static/dist/img/gallery/1_room-300.jpg,8190,
a6734fe763b83870d0450354df0ec07aa95e14b9,DELETE,regular-file,app/static/dist/img/gallery/1_room-600.jpg,25606,
0936568e7908c5b4bb2576a746cf937a09d7dfda,DELETE,regular-file,app/static/dist/img/gallery/1_room-900.jpg,52374,
97a4123492c979abd25a584b1b0efcad228881be,DELETE,regular-file,app/static/dist/img/gallery/1_room.jpg,748002,
829fb4d369d9cc95cdea393411bd5e20995e5a3b,DELETE,regular-file,app/static/dist/img/gallery/2_amenities-300.jpg,11240,
eabecfc90d73dd7777c9548a6a596d091222571c,DELETE,regular-file,app/static/dist/img/gallery/2_amenities-600.jpg,28852,
2060d28f7920c980f3b1e91ca54174e013922f05,DELETE,regular-file,app/static/dist/img/gallery/2_amenities-900.jpg,51290,
0e14ad70a7fa1097e4ef832ac79bf78b27b61dfd,DELETE,regular-file,app/static/dist/img/gallery/2_amenities.jpg,622960,
f14961a3e209f5750f6418c5258690af84c93676,DELETE,regular-file,app/static/dist/img/gallery/2_food-300.jpg,15094,
17819558490787a1cd52a65c53aac8c3333654e8,DELETE,regular-file,app/static/dist/img/gallery/2_food-600.jpg,37430,
9d35158e81c7247a03b6a55df38bb45fde383271,DELETE,regular-file,app/static/dist/img/gallery/2_food-900.jpg,61310,
38040f1559aedd90b2b70887bec500e23d9146ec,DELETE,regular-file,app/static/dist/img/gallery/2_food.jpg,259758,
7ca56df2d186aef50b715dd20a5142aa792d2d62,DELETE,regular-file,app/static/dist/img/gallery/2_garden-300.jpg,3632,
bb2810011997805a3c87a8b19ce6790f348fd006,DELETE,regular-file,app/static/dist/img/gallery/2_garden-600.jpg,8212,
3b2a199f757453fdba8c7bd2143485a989af8873,DELETE,regular-file,app/static/dist/img/gallery/2_garden-900.jpg,13820,
c92c158bc326664ac367497a0ea4c88621ffb09e,DELETE,regular-file,app/static/dist/img/gallery/2_garden.jpg,195766,
175ae87b57c4fc8676b1a72fad8ef1a6ae22a42d,DELETE,regular-file,app/static/dist/img/gallery/2_kitchen-300.jpg,7354,
923767c59503c42bdd9e36bf96a77910019a67cd,DELETE,regular-file,app/static/dist/img/gallery/2_kitchen-600.jpg,18734,
24a6521b49888086849f669623d92929d1e6d816,DELETE,regular-file,app/static/dist/img/gallery/2_kitchen-900.jpg,31760,
ab556fc3e5d6ad57d1442e395dbb188560a73d93,DELETE,regular-file,app/static/dist/img/gallery/2_kitchen.jpg,496988,
9bcc149b9ea34db9c76d172d6ea5ca7eab968bbc,DELETE,regular-file,app/static/dist/img/gallery/2_myagardens-300.jpg,13722,
75e96696c0d53dd85e72ca819606ff7e545c483c,DELETE,regular-file,app/static/dist/img/gallery/2_myagardens-600.jpg,48170,
3d0c342fb30841d13adab9672d2ac0b4abfc8cdb,DELETE,regular-file,app/static/dist/img/gallery/2_myagardens-900.jpg,101772,
c98bf8a79fe95a18c6b5a168031d981726c39de1,DELETE,regular-file,app/static/dist/img/gallery/2_myagardens.jpg,1268792,
f1ede684733c2f712698f2621a71d6dd66341399,DELETE,regular-file,app/static/dist/img/gallery/2_room-300.jpg,7084,
c82dfffd16dbea75b44d43e59b12976a866bd338,DELETE,regular-file,app/static/dist/img/gallery/2_room-600.jpg,20202,
402b705402a05240d32e8892569b89cee0bf0050,DELETE,regular-file,app/static/dist/img/gallery/2_room-900.jpg,38568,
4810f2a4f64d788e31fdc86448efc47523ca0138,DELETE,regular-file,app/static/dist/img/gallery/2_room.jpg,699276,
aa1c9126708793e711273003ed153e72715ec0bd,DELETE,regular-file,app/static/dist/img/gallery/3_amenities-300.jpg,15696,
a1c2181b2588310398596dd5b3c968c68824bdb7,DELETE,regular-file,app/static/dist/img/gallery/3_amenities-600.jpg,52442,
b1552995f9daecb61b04d8feae1ea933fae8d111,DELETE,regular-file,app/static/dist/img/gallery/3_amenities-900.jpg,100320,
a53df34ff5fa98e9598af2f38621afcfa43d40f2,DELETE,regular-file,app/static/dist/img/gallery/3_amenities.jpg,1091760,
aeb1ae4af7093f4d3dd4237280c16f868b8b2f0e,DELETE,regular-file,app/static/dist/img/gallery/3_food-300.jpg,19638,
a4ec4794d1a8648de5d7fe1ae831ee7c46db96ca,DELETE,regular-file,app/static/dist/img/gallery/3_food-600.jpg,67388,
9b525dccf1778a49a95ad6f4e1f7a2eb36522cd7,DELETE,regular-file,app/static/dist/img/gallery/3_food-900.jpg,125396,
da6f636f3294cce82c23f09be9b936e1c0a5b034,DELETE,regular-file,app/static/dist/img/gallery/3_food.jpg,421586,
4e0af4a1691537b98baa54237536e68d71f440fc,DELETE,regular-file,app/static/dist/img/gallery/3_garden-300.jpg,5932,
a56b1efff96887e0df099459b2e2a8157e3485d4,DELETE,regular-file,app/static/dist/img/gallery/3_garden-600.jpg,15546,
3c31471f7473132c8b5c55507d3ac5d59cb4fafe,DELETE,regular-file,app/static/dist/img/gallery/3_garden-900.jpg,28812,
85880f2dafb64d25b104e46e85f27f9c6323ba44,DELETE,regular-file,app/static/dist/img/gallery/3_garden.jpg,419594,
be81d0b833333a930615f0ddafc6031f2f21fbef,DELETE,regular-file,app/static/dist/img/gallery/3_kitchen-300.jpg,8550,
c106a152325c9a1f961ed89368d8a8818e439575,DELETE,regular-file,app/static/dist/img/gallery/3_kitchen-600.jpg,23540,
c6a4e9feb445636d94cf7f9b355b453ff1829995,DELETE,regular-file,app/static/dist/img/gallery/3_kitchen-900.jpg,41466,
1cdfdefc63a414647daa407c1f1282c6d8fc43fb,DELETE,regular-file,app/static/dist/img/gallery/3_kitchen.jpg,181062,
bfbbee839c2659ecd6d18c08c94ffea2095276c0,DELETE,regular-file,app/static/dist/img/gallery/3_myagardens-300.jpg,16680,
481f3a9152606335987eaacc0c5f7ef927f320aa,DELETE,regular-file,app/static/dist/img/gallery/3_myagardens-600.jpg,75022,
122c2d787b4cdca06fa00f002a0e6f5c81886123,DELETE,regular-file,app/static/dist/img/gallery/3_myagardens-900.jpg,177880,
3b567219a80eafddc56eee5cce62353b425a16b4,DELETE,regular-file,app/static/dist/img/gallery/3_myagardens.jpg,2119256,
9ec2330b856dc03579b569a31be8336ddcd2f95d,DELETE,regular-file,app/static/dist/img/gallery/3_room-300.jpg,8548,
9bc8392f8b4a04b99ce8e5cd5a0db8a1f324d3cf,DELETE,regular-file,app/static/dist/img/gallery/3_room-600.jpg,27188,
df79010b29fb3400fcd8b39119b1c6863cd7c032,DELETE,regular-file,app/static/dist/img/gallery/3_room-900.jpg,57790,
f8f5cc388cea43147bda4165576edefdb202ae5c,DELETE,regular-file,app/static/dist/img/gallery/3_room.jpg,945080,
2842b45d1d4cbd511a337e64b40f1214d006f78c,DELETE,regular-file,app/static/dist/img/gallery/4_amenities-300.jpg,8064,
29761feab9655d0ac2a94b56d1698ecb4532a42e,DELETE,regular-file,app/static/dist/img/gallery/4_amenities-600.jpg,27536,
3549ed907f9722e20ba8502403d0d7135d89ba1b,DELETE,regular-file,app/static/dist/img/gallery/4_amenities-900.jpg,59892,
92f34d152fbf7db0bbfac5ad7fd2742d4f9eaf78,DELETE,regular-file,app/static/dist/img/gallery/4_amenities.jpg,840102,
0504846e38292abd072ae38ffbb9780008363fb3,DELETE,regular-file,app/static/dist/img/gallery/4_food-300.jpg,13366,
86db58824c80e7c04bb94da426973fe7ca8e1f39,DELETE,regular-file,app/static/dist/img/gallery/4_food-600.jpg,34368,
7f89c114d4630c4ac063a7d6c70d8d8d887624d9,DELETE,regular-file,app/static/dist/img/gallery/4_food-900.jpg,57878,
9c59a773b11f978d389a8334d0780f688feb7fa2,DELETE,regular-file,app/static/dist/img/gallery/4_food.jpg,256276,
3e2024f87a931ba3cf403efbd8ba564c17162f62,DELETE,regular-file,app/static/dist/img/gallery/4_garden-300.jpg,16856,
cbb2adfb6a6106b00761c945c1391e596d1e364d,DELETE,regular-file,app/static/dist/img/gallery/4_garden-600.jpg,52014,
66c95a78514f7989c38348904bd65746c3d59658,DELETE,regular-file,app/static/dist/img/gallery/4_garden-900.jpg,96884,
1c441f23b77db1989ecff9b4dd972ec36a547e33,DELETE,regular-file,app/static/dist/img/gallery/4_garden.jpg,1055320,
c8b6fbc8657e51d733cc2c4069f36a59c80e808f,DELETE,regular-file,app/static/dist/img/gallery/4_kitchen-300.jpg,8132,
8a6a589b8df8aee5ddc49a0fb030843cece35389,DELETE,regular-file,app/static/dist/img/gallery/4_kitchen-600.jpg,19784,
4aadf9d03bbe507e758297d2aa600c4229ec6778,DELETE,regular-file,app/static/dist/img/gallery/4_kitchen-900.jpg,34582,
f4d2ae169a6b1b2de582ef7cc065961d0c4ffc91,DELETE,regular-file,app/static/dist/img/gallery/4_kitchen.jpg,167912,
22f1ce35a5c867a6f99d2f38b789ca4ff552c33e,DELETE,regular-file,app/static/dist/img/gallery/4_myagardens-300.jpg,9734,
47c9f828dae7ea3cce3878fe77c7dc9731c0288b,DELETE,regular-file,app/static/dist/img/gallery/4_myagardens-600.jpg,33284,
fba034387a138f35936f1fe46e1e5bfa6d89a672,DELETE,regular-file,app/static/dist/img/gallery/4_myagardens-900.jpg,72498,
ca9c97ad6b0bd9f2d74feaf4f592c606efa55f80,DELETE,regular-file,app/static/dist/img/gallery/4_myagardens.jpg,1054320,
3545667927664dbf9d127bd2eafede0a7f886b50,DELETE,regular-file,app/static/dist/img/gallery/4_room-300.jpg,8112,
622bd056793ae7a1b2e98e67ec93a600672c8096,DELETE,regular-file,app/static/dist/img/gallery/4_room-600.jpg,27996,
e02704bc41663636a49d7178203d25d92297c9fa,DELETE,regular-file,app/static/dist/img/gallery/4_room-900.jpg,62542,
54d2b1d3d18da299402d724ad4f03dccad798010,DELETE,regular-file,app/static/dist/img/gallery/4_room.jpg,965262,
e9ebeffb6aaac5866ee592bae3b8c682ce90a898,DELETE,regular-file,app/static/dist/img/gallery/5_amenities-300.jpg,7290,
d3a7ef565d9d831741d4acd7118c488c884cefef,DELETE,regular-file,app/static/dist/img/gallery/5_amenities-600.jpg,20344,
00d4753e040747b7c74ec35f7d67e4860e459a93,DELETE,regular-file,app/static/dist/img/gallery/5_amenities-900.jpg,37676,
a81d6b46e283e81447be7c231bb0a8cbc3cf7b6a,DELETE,regular-file,app/static/dist/img/gallery/5_amenities.jpg,579778,
08555f57b616137b6a6e626feb478b7226a77746,DELETE,regular-file,app/static/dist/img/gallery/5_food-300.jpg,7570,
0978e9251698988ab400da021728b6921d16872d,DELETE,regular-file,app/static/dist/img/gallery/5_food-600.jpg,19566,
e05b66994b942c935e9624bf954e12d5a00c7f1d,DELETE,regular-file,app/static/dist/img/gallery/5_food-900.jpg,32848,
82937bf132411b136c9244bf51160c624d7577f4,DELETE,regular-file,app/static/dist/img/gallery/5_food.jpg,142972,
2dc838e1c130cd6d0a2acccd06b81e6c345a4efb,DELETE,regular-file,app/static/dist/img/gallery/5_garden-300.jpg,6292,
45abf41aee98fd87f8385067fd575271a9e7ccd9,DELETE,regular-file,app/static/dist/img/gallery/5_garden-600.jpg,16418,
c6b20b64e8177af4133100e749be8729a33f5243,DELETE,regular-file,app/static/dist/img/gallery/5_garden-900.jpg,28848,
723ff40a0f337bd51100bfbda6a1f217980e7ada,DELETE,regular-file,app/static/dist/img/gallery/5_garden.jpg,411902,
965d9a3acdd9639e291d10ad851fdfae000743b2,DELETE,regular-file,app/static/dist/img/gallery/5_myagardens-300.jpg,5534,
edd92e2c1a9c0fc8c62c6e8dbb75764302c92265,DELETE,regular-file,app/static/dist/img/gallery/5_myagardens-600.jpg,17646,
99f8791263111d40a13c9f0e5420b5fc141749ca,DELETE,regular-file,app/static/dist/img/gallery/5_myagardens-900.jpg,36040,
c28775e3b27a1683ab33d39d6dc79e186bb7eaa5,DELETE,regular-file,app/static/dist/img/gallery/5_myagardens.jpg,726462,
883a4d0c36c566afd08fa6e0793cd120891cd95d,DELETE,regular-file,app/static/dist/img/gallery/5_room-300.jpg,8292,
59140d16ab89c1ccd5e5f92a52fa38d55ea6c9bf,DELETE,regular-file,app/static/dist/img/gallery/5_room-600.jpg,23090,
bbb6aea531dfc102ea008012698d67085298c8cd,DELETE,regular-file,app/static/dist/img/gallery/5_room-900.jpg,44224,
765f8d23133ccdf0b1dcf948ea41fe19ebc44c65,DELETE,regular-file,app/static/dist/img/gallery/5_room.jpg,753264,
b0009541b3a4f6d9d5c444634463a35cbc062d80,DELETE,regular-file,app/static/dist/img/gallery/6_food-300.jpg,15266,
7f6b6f29a0595d309e8d15f0f08a8aae83bb5dc9,DELETE,regular-file,app/static/dist/img/gallery/6_food-600.jpg,40960,
6b7d317e4c823226604741d2e9fb8b6452d2eb24,DELETE,regular-file,app/static/dist/img/gallery/6_food-900.jpg,69764,
e9f457e8e49f1633bc13ae3b3855a1cbea51ca51,DELETE,regular-file,app/static/dist/img/gallery/6_food.jpg,306490,
7d9c6f55871c7ee87a294b9127c5c7c0a10ca317,DELETE,regular-file,app/static/dist/img/gallery/6_garden-300.jpg,12970,
ee5038d874d19277158aac67c852e476caedf08b,DELETE,regular-file,app/static/dist/img/gallery/6_garden-600.jpg,37426,
601cc12198282ff0eeea9e9a25c75fd79949b42e,DELETE,regular-file,app/static/dist/img/gallery/6_garden-900.jpg,68690,
80c48f6192c4aa78ebb11d9bf0a5e1b80874665a,DELETE,regular-file,app/static/dist/img/gallery/6_garden.jpg,741140,
9c13001c7e9f3a16b631b6fa8dcb3538b1013238,DELETE,regular-file,app/static/dist/img/gallery/6_kitchen-300.jpg,11680,
5f2c6ce00dcd6c2bb082e3659a4eb7b72a2c9588,DELETE,regular-file,app/static/dist/img/gallery/6_kitchen-600.jpg,34546,
da382bb80e2d929cc98ad8d00ed9fee8aeb0db26,DELETE,regular-file,app/static/dist/img/gallery/6_kitchen-900.jpg,68164,
d4e0a682cc5f4ee3eed80d829e04405733fae417,DELETE,regular-file,app/static/dist/img/gallery/6_kitchen.jpg,3929724,
567d7329f35f93fa08a79a7140083f7719f49c5a,DELETE,regular-file,app/static/dist/img/gallery/6_myagardens-300.jpg,17048,
51b6a73de20d4c8dd6fd5f993b70332142ddab3f,DELETE,regular-file,app/static/dist/img/gallery/6_myagardens-600.jpg,57078,
584928ae099aba389b806b3970d64bd1c2e78b0e,DELETE,regular-file,app/static/dist/img/gallery/6_myagardens-900.jpg,120168,
43cd4a627ea5e187d20552c68b6031ce8fc6ccfa,DELETE,regular-file,app/static/dist/img/gallery/6_myagardens.jpg,2059520,
e5949be16d01fcb72d79d8e3205161807aedb0c1,DELETE,regular-file,app/static/dist/img/gallery/6_room-300.jpg,9330,
85f644a63397c940e601e97de459d7aa5e3be813,DELETE,regular-file,app/static/dist/img/gallery/6_room-600.jpg,29580,
5d0a1f9b527be9329cde80a87f9216d04dad85e4,DELETE,regular-file,app/static/dist/img/gallery/6_room-900.jpg,60498,
198e0578ef019d2f78b99d37957b5085b0032e90,DELETE,regular-file,app/static/dist/img/gallery/6_room.jpg,905864,
e9bef54ab89379a20564d3f174dd51396ad89e9c,DELETE,regular-file,app/static/dist/img/gallery/7_food-300.jpg,7432,
01e2e9b08f50ec096645beedd6094f3795d788a0,DELETE,regular-file,app/static/dist/img/gallery/7_food-600.jpg,18578,
c119acd9556356c67fb39dfa1e92dfccfb31cf9f,DELETE,regular-file,app/static/dist/img/gallery/7_food-900.jpg,32544,
47856f8809866145c5494b9952c4ece66db69e73,DELETE,regular-file,app/static/dist/img/gallery/7_food.jpg,530908,
3d5d4713445e01555f1c5881f1b30d7104d26df3,DELETE,regular-file,app/static/dist/img/gallery/7_garden-300.jpg,15332,
9edc7e2341d243c389b4f15cf757e9c7243d2189,DELETE,regular-file,app/static/dist/img/gallery/7_garden-600.jpg,48400,
5d9ea6e456be18a86d9f116ca45bd0a9f248da19,DELETE,regular-file,app/static/dist/img/gallery/7_garden-900.jpg,94508,
110e0c8dc76ff64e1a0249960996b3ca4d933058,DELETE,regular-file,app/static/dist/img/gallery/7_garden.jpg,2551346,
8161b064ecb8fb707d733835717fec1464b61d9a,DELETE,regular-file,app/static/dist/img/gallery/7_kitchen-300.jpg,6720,
7bb031d156c46d449600598c9465be70c8a7c5ee,DELETE,regular-file,app/static/dist/img/gallery/7_kitchen-600.jpg,15960,
fe6cde0709a1b441ab6bca5d2788968170bea779,DELETE,regular-file,app/static/dist/img/gallery/7_kitchen-900.jpg,26988,
0f88fdac63260f756d59e45a3f3d692a61e23af4,DELETE,regular-file,app/static/dist/img/gallery/7_kitchen.jpg,1648420,
e844860d8ef5b727482bfe5f12aa06f4f3cd9987,DELETE,regular-file,app/static/dist/img/gallery/7_myagardens-300.jpg,8978,
2212257dd374fb78dac8e5e5a956e6966f389944,DELETE,regular-file,app/static/dist/img/gallery/7_myagardens-600.jpg,32070,
819a7a99163f0d103ec64f4b3788d8c5d321e10d,DELETE,regular-file,app/static/dist/img/gallery/7_myagardens-900.jpg,71180,
114b7badef69d412bfb7eeed9f171387efec1360,DELETE,regular-file,app/static/dist/img/gallery/7_myagardens.jpg,1384162,
8004317c0e0fc5506f65c196cbb06237745f92f2,DELETE,regular-file,app/static/dist/img/gallery/7_room-300.jpg,6162,
17f614fb4a4a356d50229b4fc95e9cf6be739752,DELETE,regular-file,app/static/dist/img/gallery/7_room-600.jpg,19116,
3de8e4bd76bbd1e2b3e92d342a8a75013d42b073,DELETE,regular-file,app/static/dist/img/gallery/7_room-900.jpg,39640,
2581341fa980f45ffb76af5521dab2176d8fac10,DELETE,regular-file,app/static/dist/img/gallery/7_room.jpg,598558,
f4c63f824de471a76ae6bda1ff0507774dbb3e00,DELETE,regular-file,app/static/dist/img/gallery/8_amenities-300.jpg,19494,
fd80e294ef368dbc72831d0d962804542ac5c01d,DELETE,regular-file,app/static/dist/img/gallery/8_amenities-600.jpg,50446,
430524b5dfcf8b8459b5767d8040494c898764a3,DELETE,regular-file,app/static/dist/img/gallery/8_amenities-900.jpg,84896,
5b999f9382f21c00fd91a16da978e5b79881bb07,DELETE,regular-file,app/static/dist/img/gallery/8_amenities.jpg,341778,
aa53a5902f902ade6212801048d738f882affa52,DELETE,regular-file,app/static/dist/img/gallery/8_food-300.jpg,12858,
e1e9917c62681240641b02b1d61bf58bf4bb2932,DELETE,regular-file,app/static/dist/img/gallery/8_food-600.jpg,42560,
2afef5dd536de2280ce56c6b2ebf5e7668c78732,DELETE,regular-file,app/static/dist/img/gallery/8_food-900.jpg,76612,
95f97de76da72b4d4113c92555470207f67b6fa7,DELETE,regular-file,app/static/dist/img/gallery/8_food.jpg,295614,
49d2022a3438dc788ad161c0d37150a973f8c303,DELETE,regular-file,app/static/dist/img/gallery/8_garden-300.jpg,14708,
f320665b17bfb59b2d02bfe1b7663e294789a5db,DELETE,regular-file,app/static/dist/img/gallery/8_garden-600.jpg,39716,
997a0bc93418fcff263cb5c40a62e443a26bdbbc,DELETE,regular-file,app/static/dist/img/gallery/8_garden-900.jpg,68112,
48e87b53e66506d168b30f5893ff7a6f2f5f373b,DELETE,regular-file,app/static/dist/img/gallery/8_garden.jpg,2287792,
b4defcf20c614c9f5f6fc46f7e2002cfecde3bd3,DELETE,regular-file,app/static/dist/img/gallery/8_kitchen-300.jpg,7628,
e0637ba8e91c671d0f1d0db33620e482000d90fb,DELETE,regular-file,app/static/dist/img/gallery/8_kitchen-600.jpg,20204,
067e86bf6bd3d608e9606a23394600f1769ed718,DELETE,regular-file,app/static/dist/img/gallery/8_kitchen-900.jpg,36704,
d2284caa0581e50fa356129b1d58587b0f18cff0,DELETE,regular-file,app/static/dist/img/gallery/8_kitchen.jpg,2833988,
9a9f7ff0406c692168c9bfe30b6f8c2e217d1bb4,DELETE,regular-file,app/static/dist/img/gallery/8_myagardens-300.jpg,17270,
c0c2cde0903feec56c3c988749b7317d0061714b,DELETE,regular-file,app/static/dist/img/gallery/8_myagardens-600.jpg,69340,
868a42dd2b5604825b8e9cd166925d022e40f01b,DELETE,regular-file,app/static/dist/img/gallery/8_myagardens-900.jpg,158942,
73e95ec979690172155628591d8efeb890aa546c,DELETE,regular-file,app/static/dist/img/gallery/8_myagardens.jpg,2540468,
33ff26fcc85f321975bc4bc9d92be61a09e8b3bd,DELETE,regular-file,app/static/dist/img/gallery/8_room-300.jpg,10646,
923cdb4e246c5968c934c493be3024b787bcb13f,DELETE,regular-file,app/static/dist/img/gallery/8_room-600.jpg,30036,
43822f91c4d76b1a86310222af17a656923e1b3a,DELETE,regular-file,app/static/dist/img/gallery/8_room-900.jpg,57502,
8573dc2a5f21820d04a3e234391f3007ddd76400,DELETE,regular-file,app/static/dist/img/gallery/8_room.jpg,740254,
f787a14c8e0c0208d706805fc18d93d97825dab9,DELETE,regular-file,app/static/dist/img/gallery/Farm_Olivea_078-300.jpg,7696,
cbd6397562189a006b03cd165907caf742d1afb5,DELETE,regular-file,app/static/dist/img/gallery/Farm_Olivea_078-600.jpg,25374,
77d5c8fc8527584d545b375d1aa7014dfe54069e,DELETE,regular-file,app/static/dist/img/gallery/Farm_Olivea_078-900.jpg,50608,
b46028f0dc1ad514ea40a88c52fbb20d808b1fd4,DELETE,regular-file,app/static/dist/img/gallery/Farm_Olivea_078.jpg,1575266,
13a1dc72c862e6273de477d9fc84df971be7fb9f,DELETE,regular-file,app/static/dist/img/gallery/OliveaMayo_024-300.jpg,7060,
867c29b1a67e8e9f2888a5091c299c0e13509739,DELETE,regular-file,app/static/dist/img/gallery/OliveaMayo_024-600.jpg,16756,
ec89da6e7ea220d9108c905a0266447d59e14b99,DELETE,regular-file,app/static/dist/img/gallery/OliveaMayo_024-900.jpg,28176,
ce6dd54b5cf9c5aafdf3e4c92265bd558663d788,DELETE,regular-file,app/static/dist/img/gallery/OliveaMayo_024.jpg,722770,
4eaa73eaa6998cdbec646bbd38419c6ec4100028,DELETE,regular-file,app/static/dist/img/hero/Farm_Olivea-600.jpg,33612,
7328d5b13d3d14c9b456e237d503a69d5058f39a,DELETE,regular-file,app/static/dist/img/hero/Farm_Olivea-900.jpg,69996,
ed8f2829178ec17ebbe280b06b81528eb1a21c7a,DELETE,regular-file,app/static/dist/img/hero/Farm_Olivea.jpg,2504130,
4eaa73eaa6998cdbec646bbd38419c6ec4100028,DELETE,regular-file,app/static/dist/img/hero/Farm_Olivea_079-600.jpg,33612,
7328d5b13d3d14c9b456e237d503a69d5058f39a,DELETE,regular-file,app/static/dist/img/hero/Farm_Olivea_079-900.jpg,69996,
ed8f2829178ec17ebbe280b06b81528eb1a21c7a,DELETE,regular-file,app/static/dist/img/hero/Farm_Olivea_079.jpg,2504130,
32317324a214c997c6a73d4bf7f4b85e986acf21,DELETE,executable,app/static/dist/img/hero/HERO-MYA-100-600.jpg,26998,
996a8b5c67d96a3e439bd6646ceb97c5502dcd82,DELETE,executable,app/static/dist/img/hero/HERO-MYA-100-900.jpg,57944,
4b70eb45147247834bec6c40b668d7f5f3c5cb90,DELETE,executable,app/static/dist/img/hero/HERO-MYA-100.jpg,1301822,
32317324a214c997c6a73d4bf7f4b85e986acf21,DELETE,executable,app/static/dist/img/hero/HERO-MYA-600.jpg,26998,
996a8b5c67d96a3e439bd6646ceb97c5502dcd82,DELETE,executable,app/static/dist/img/hero/HERO-MYA-900.jpg,57944,
4b70eb45147247834bec6c40b668d7f5f3c5cb90,DELETE,executable,app/static/dist/img/hero/HERO-MYA.jpg,1301822,
0e2699bb87f773a36c8f274c82e74a50fb026f8d,DELETE,regular-file,app/static/dist/img/hero/MyA-600.jpg,27852,
961332bde524c285f907a5aea0724ff9e82ee4ea,DELETE,regular-file,app/static/dist/img/hero/MyA-900.jpg,59302,
1c238852bd4466db8cab292befe488f344b3e7e3,DELETE,regular-file,app/static/dist/img/hero/MyA.jpg,2614582,
41d0ccfd8d47d2ac6ac8f66d8ebe4fa3068d4eb5,DELETE,regular-file,app/static/dist/img/hero/olivea-600.jpg,27954,
798c6939fc86fd110f7df22cb294841b45935a75,DELETE,regular-file,app/static/dist/img/hero/olivea-900.jpg,51746,
7148954c7f1e84e68c61b5cbe11c2fdc01e0eba5,DELETE,regular-file,app/static/dist/img/hero/olivea.jpg,7860210,
87f7c8748bbc6015fa34ac42c49b899ecd60fd6b,DELETE,regular-file,app/static/dist/img/room/room_mya-300.jpg,7136,
c8c62f342cb69642b9e968e6f12ef27d3db7104d,DELETE,regular-file,app/static/dist/img/room/room_mya-600.jpg,20454,
ff2e043703dc159414517e5228a675b96df36c94,DELETE,regular-file,app/static/dist/img/room/room_mya-900.jpg,39874,
5965787eaefdf2bd902c27344fe5cacdd4883878,DELETE,regular-file,app/static/dist/img/room/room_mya.jpg,1011958,
4f430c5b48d49d1102c391ea70cca90105b63152,DELETE,regular-file,app/static/dist/img/services/NatureOnTheTable-300.jpg,6612,
e298d4893904f1b2443777d7f23b27585c12be69,DELETE,regular-file,app/static/dist/img/services/NatureOnTheTable-600.jpg,15224,
738262f0488fefa90f59007256f20deaee36c7d2,DELETE,regular-file,app/static/dist/img/services/NatureOnTheTable-900.jpg,24792,
11c3775c53dce0f49cff49c58dd42d14394a9e83,DELETE,regular-file,app/static/dist/img/services/NatureOnTheTable.jpg,1083956,
15a14a4c40dba3eba64016830a02cec6b4bbd33d,DELETE,regular-file,app/static/dist/img/services/natureatwork-300.jpg,14410,
b01253c93680f3ea75aea05316fad4c999d5ac96,DELETE,regular-file,app/static/dist/img/services/natureatwork-600.jpg,48554,
4809f1d3f22c1b784be3f6724824f4da41d4b7ff,DELETE,regular-file,app/static/dist/img/services/natureatwork-900.jpg,103028,
fe64c61c687b6f23cf298954e61ee8997c3f1e4e,DELETE,regular-file,app/static/dist/img/services/natureatwork.jpg,3033586,
d9039df28ae9eec99f77308aa58feb072d7b9084,DELETE,regular-file,app/static/src/img/about/12_mya.jpg,715084,
927e2554b0461545f8bb06a35fd3a069f5c6ab60,DELETE,regular-file,app/static/src/img/about/12_olivea.jpg,5333414,
f273a65e925968090895864a2e12f685119a7f2f,DELETE,regular-file,app/static/src/img/about/15_mya.jpg,1532403,
6291247debe2c230a8726f8f3ef774242481a8c0,DELETE,regular-file,app/static/src/img/about/1_olivea.jpg,1080918,
86e6a7f74de8b525a1e307f0b8d7984c8960939a,DELETE,regular-file,app/static/src/img/about/3_olivea.jpg,2684316,
ce367047e1865cf8e567cc85f32ebe3b4d4b4437,DELETE,regular-file,app/static/src/img/about/4_mya.jpg,1065521,
176664938a314f6d18a49bbfb84b099c0d057002,DELETE,regular-file,app/static/src/img/about/4_olivea.jpg,865456,
7be1c51bd41226556c9184cd0333d90d949d95fb,DELETE,regular-file,app/static/src/img/about/6_mya.jpg,1778176,
eb4bfdef1e2c00544cbb89aa36e6c510374b98ae,DELETE,regular-file,app/static/src/img/about/8_olivea.jpg,2191952,
69f4fa4ea567ab47a09ac836f4cf8af0d5d0cb50,DELETE,regular-file,app/static/src/img/about/9_mya.jpg,675998,
463fc80462f9c6ee1a00ee99d303ccc4d2604e09,DELETE,regular-file,app/static/src/img/about/9_olivea.jpg,1198860,
6f8045b1fd06650f2dae16dbe9cf433802550aa7,DELETE,regular-file,app/static/src/img/amenities/mya_padel.jpg,8671935,
c296e79c3d1d280453d3f0ec8e08c43f66f9ae0c,DELETE,regular-file,app/static/src/img/amenities/mya_pool.jpg,3088469,
fc6984f375e9f465c44d4061257efa76f8367e58,DELETE,regular-file,app/static/src/img/gallery-2/Farm_Olivea.jpg,665225,
ca4a6074d70a3caecc6ce3394f4bdb0e2f7ea848,DELETE,regular-file,app/static/src/img/gallery-2/Farm_Olivea_019.jpg,1183697,
62174939203e27c2fa6031ad19e02f60a827490e,DELETE,regular-file,app/static/src/img/gallery-2/Farm_Olivea_066.jpg,1232433,
c083c6a1cd451c65c049038d63c9b6267a1a907e,DELETE,regular-file,app/static/src/img/gallery-2/Farm_Olivea_090.jpg,2053702,
65123962e0e1f912ec4a6214e04700728388c2d4,DELETE,regular-file,app/static/src/img/gallery-2/OliveaMayo_043.jpg,1254352,
8e640a4a14a77591d3f1efc211ce14f8bd280ac8,DELETE,regular-file,app/static/src/img/gallery-2/OliveaMayo_123.jpg,708675,
44c0292cb62ca1521e89f1c30aea2f4e1087112b,DELETE,regular-file,app/static/src/img/gallery/1_amenities.jpg,738979,
476939e52d7d951bc4266a7129363052f0f0f5b4,DELETE,regular-file,app/static/src/img/gallery/1_food.jpg,939432,
b217be822cce2135b98ada5888588af073c1e8c5,DELETE,regular-file,app/static/src/img/gallery/1_garden.jpg,1055413,
5a5c3b25ba2f5bbc7428d039ac13d46a3926845d,DELETE,regular-file,app/static/src/img/gallery/1_kitchen.jpg,423015,
6092d59b40268a12bf4c3238590ca3e5ddcf7180,DELETE,regular-file,app/static/src/img/gallery/1_myagardens.jpg,607258,
dcde457c039904cb474aff64d0c208ae47db9e04,DELETE,regular-file,app/static/src/img/gallery/1_room.jpg,543094,
bfc2ac07d71295c4eccae09807655725305cc5b6,DELETE,regular-file,app/static/src/img/gallery/2_amenities.jpg,406888,
eec798fe64206c07c3272caba4753be5d3b7f66d,DELETE,regular-file,app/static/src/img/gallery/2_food.jpg,178056,
3c762c20988d245d09fc057b7142282279fe7ddb,DELETE,regular-file,app/static/src/img/gallery/2_garden.jpg,162492,
97c30422248501a480b503397aa28151711f5fad,DELETE,regular-file,app/static/src/img/gallery/2_kitchen.jpg,359501,
f7c3c011898eba7a5d1d663ac075192e1b011752,DELETE,regular-file,app/static/src/img/gallery/2_myagardens.jpg,885342,
ff7388285d17694e3011ffcf6cfd5970d68c62fd,DELETE,regular-file,app/static/src/img/gallery/2_room.jpg,459927,
eeaf07a8302fa0b29135cead44d4020e340ef460,DELETE,regular-file,app/static/src/img/gallery/3_amenities.jpg,732027,
fdb4cbd0caefa9a251edd4fcd3f1a0b7ee0506d8,DELETE,regular-file,app/static/src/img/gallery/3_food.jpg,300231,
f81135839798f8c246d365e8ff7d915dbf503658,DELETE,regular-file,app/static/src/img/gallery/3_garden.jpg,341556,
80bd5cf9887ce135a8e2c7c62cffee446c4bd1d0,DELETE,regular-file,app/static/src/img/gallery/3_kitchen.jpg,140030,
e4b2103c14ac1e03c7815a76547f3fd1ce01586f,DELETE,regular-file,app/static/src/img/gallery/3_myagardens.jpg,1547083,
4c3e7316bb7d2c56273119baaf3d168d12f9deb0,DELETE,regular-file,app/static/src/img/gallery/3_room.jpg,653731,
a6f0f02dcc86774dfcae1d4a0d399515eaf70d03,DELETE,regular-file,app/static/src/img/gallery/4_amenities.jpg,624940,
d88d0388be95d3d342095200461ffc4482487347,DELETE,regular-file,app/static/src/img/gallery/4_food.jpg,178274,
15aae3d2f99b9672ef0617c4628cfbfc45c349f6,DELETE,regular-file,app/static/src/img/gallery/4_garden.jpg,767698,
bcf5344212b22fa95cd5a8959537dcca11de22fb,DELETE,regular-file,app/static/src/img/gallery/4_kitchen.jpg,146526,
abd9cf3833c85db339e4f7f59565c474c3b9d0b1,DELETE,regular-file,app/static/src/img/gallery/4_myagardens.jpg,795841,
9f11c8b5fde4a159568017a9eab1227e0f4888ac,DELETE,regular-file,app/static/src/img/gallery/4_room.jpg,679660,
f7c68d02972130e7de116e18cd29d66fa09d7673,DELETE,regular-file,app/static/src/img/gallery/5_amenities.jpg,405664,
608154a109272380d08cd5af2ee38298865c9d0b,DELETE,regular-file,app/static/src/img/gallery/5_food.jpg,113775,
98609515c420c34bf5e436f0d644112363c2b082,DELETE,regular-file,app/static/src/img/gallery/5_garden.jpg,308824,
6d26c08b909994ba3c05539023fb22071292ef0a,DELETE,regular-file,app/static/src/img/gallery/5_myagardens.jpg,482309,
cfe1e3dfea8455829210951b752d0a316b977d8c,DELETE,regular-file,app/static/src/img/gallery/5_room.jpg,512910,
51f21df2579d86995a6850a4f72a276e74315855,DELETE,regular-file,app/static/src/img/gallery/6_food.jpg,210799,
623ee4f5aeeb51dd43f534b3e8e362f5758273b5,DELETE,regular-file,app/static/src/img/gallery/6_garden.jpg,526714,
927e2554b0461545f8bb06a35fd3a069f5c6ab60,DELETE,regular-file,app/static/src/img/gallery/6_kitchen.jpg,5333414,
5a5b1e2c60d19a0f05b1f7b35d7e708963ff5946,DELETE,regular-file,app/static/src/img/gallery/6_myagardens.jpg,1341416,
707251696372b8cec9bb8d71b4122e9475cf647d,DELETE,regular-file,app/static/src/img/gallery/6_room.jpg,623804,
39d417e65b51081cdf0781ba20ac1fa0a85ff36b,DELETE,regular-file,app/static/src/img/gallery/7_food.jpg,402782,
cc2dfcdefd9551cd5954ad4b50b812e2246750a5,DELETE,regular-file,app/static/src/img/gallery/7_garden.jpg,1520382,
5c29f98a16cceebd3dc71fbab046416404218cae,DELETE,regular-file,app/static/src/img/gallery/7_kitchen.jpg,881965,
506f2f04ce7010510447109eb6754b8052b07c5f,DELETE,regular-file,app/static/src/img/gallery/7_myagardens.jpg,835693,
524df984faaccb727514bbf9e388b41609243fde,DELETE,regular-file,app/static/src/img/gallery/7_room.jpg,388283,
e14876bbfc86cd9359a25657c7a752b4b6e74c46,DELETE,regular-file,app/static/src/img/gallery/8_amenities.jpg,277624,
330edaa23b0dec830caa9582fcdc1ad89d9123d3,DELETE,regular-file,app/static/src/img/gallery/8_food.jpg,217460,
62174939203e27c2fa6031ad19e02f60a827490e,DELETE,regular-file,app/static/src/img/gallery/8_garden.jpg,1232433,
f3c29ffa4ef9b0b5531ffd7ff3444543253943d7,DELETE,regular-file,app/static/src/img/gallery/8_kitchen.jpg,1378707,
7be1c51bd41226556c9184cd0333d90d949d95fb,DELETE,regular-file,app/static/src/img/gallery/8_myagardens.jpg,1778176,
4324f2e2a07233d7870714e9d0f0bbb68a739af0,DELETE,regular-file,app/static/src/img/gallery/8_room.jpg,448675,
afb21a9d0c163e48621611c1f7610d0da585fd82,DELETE,regular-file,app/static/src/img/gallery/Farm_Olivea_078.jpg,986576,
39e0f6314b5573348964953a0066633ec31daecb,DELETE,regular-file,app/static/src/img/gallery/OliveaMayo_024.jpg,597243,
9f45261c7dfc3d2441366b752a32db2ba1ebfbdd,DELETE,regular-file,app/static/src/img/hero/Farm_Olivea.jpg,1473802,
9f45261c7dfc3d2441366b752a32db2ba1ebfbdd,DELETE,regular-file,app/static/src/img/hero/Farm_Olivea_079.jpg,1473802,
999e42480b2fcbb50476f324e2567b95aa4e9f4c,DELETE,executable,app/static/src/img/hero/HERO-MYA-100.jpg,1306812,
999e42480b2fcbb50476f324e2567b95aa4e9f4c,DELETE,executable,app/static/src/img/hero/HERO-MYA.jpg,1306812,
1948dd15f27f434e3d529cafe49ccf050bcdb9f9,DELETE,regular-file,app/static/src/img/hero/MyA.jpg,7607683,
b4ae78529a685daa752dbf5457fa964ebd8555a7,DELETE,regular-file,app/static/src/img/hero/olivea.jpg,30072375,
7a5ea45902f0c0e3f4d5b7d2c03aaeddf4452dd5,DELETE,regular-file,app/static/src/img/room/room_mya.jpg,603637,
8e640a4a14a77591d3f1efc211ce14f8bd280ac8,DELETE,regular-file,app/static/src/img/services/NatureOnTheTable.jpg,708675,
b62bd9e0e73f26a357c8eb61e3baf935ef17be67,DELETE,regular-file,app/static/src/img/services/natureatwork.jpg,1849266,
